,correlation,correlation_stable,accuracy,mean,std,skewness,zero_percent
StablecoinFlow_increase_0.001,0.19334557535136268,0.5999999999999999,0.7142857142857143,0.25925925925925924,0.438228132081453,1.1303444481345373,0.7407407407407407
StablecoinFlow_increase_0.002,0.053062015721897074,0.3999999999999999,0.625,0.14814814814814814,0.3552467795046459,2.0379388962104374,0.8518518518518519
StablecoinFlow_increase_0.003,0.0929303918047425,1.4,0.8333333333333334,0.1111111111111111,0.3142696805273545,2.5461531199162324,0.8888888888888888
StablecoinFlow_increase_0.004,0.03813418925612215,0.19999999999999996,0.75,0.07407407407407407,0.261891400439462,3.3463726718899087,0.9259259259259259
StablecoinFlow_increase_0.005,0.18548657874812632,1.4,1.0,0.05555555555555555,0.22906142364542553,3.9923351553994877,0.9444444444444444
