,MarketParticipation_5,MarketParticipation_10,MarketParticipation_20,MarketParticipation_30,MarketParticipation_50,MarketParticipation_100,MarketParticipation_200
MarketParticipation_5,1.0,0.9965867098716858,0.9935161252595641,0.9900968165947752,0.9838563787214828,0.9666880966160438,0.9358418257866873
MarketParticipation_10,0.9965867098716858,1.0,0.9971279075548228,0.9936860826054573,0.987597213375032,0.9700455984407691,0.9388709353584606
MarketParticipation_20,0.9935161252595641,0.9971279075548228,1.0,0.9979508195276363,0.9926894815836155,0.9760270719072516,0.9455126802836299
MarketParticipation_30,0.9900968165947752,0.9936860826054573,0.9979508195276363,1.0,0.9967233458289788,0.9817774034259493,0.9512701449733005
MarketParticipation_50,0.9838563787214828,0.987597213375032,0.9926894815836155,0.9967233458289788,1.0,0.9904457258110293,0.9616016313525084
MarketParticipation_100,0.9666880966160438,0.9700455984407691,0.9760270719072516,0.9817774034259493,0.9904457258110293,1.0,0.9822913438949679
MarketParticipation_200,0.9358418257866873,0.9388709353584606,0.9455126802836299,0.9512701449733005,0.9616016313525084,0.9822913438949679,1.0
