,correlation,correlation_stable,accuracy,mean,std,skewness,zero_percent
MarketParticipation_5,-0.09899870573378561,2.0,0.5107913669064749,603.2303172671749,223.57048334090416,0.5221484217367542,0.0
MarketParticipation_10,-0.09758434893960329,2.0,0.5107913669064749,601.0054109968197,220.84701137248425,0.5336772380249273,0.0
MarketParticipation_20,-0.099889968315525,2.0,0.5107913669064749,600.4901130273091,218.84005500522287,0.5141568538127195,0.0
