,Momentum_5_linear,Momentum_10_linear,Momentum_20_linear,Momentum_30_linear,Momentum_50_linear,Momentum_100_linear,Momentum_200_linear,Momentum_250_linear
Momentum_5_linear,1.0,0.6310212584508829,0.4103037811688465,0.3104333206387563,0.23415180158350637,0.1748649357294087,0.12760828124642348,0.07362224740402598
Momentum_10_linear,0.6310212584508829,1.0,0.656322644696556,0.5441205981408915,0.40061428955903616,0.3017575231273239,0.2185248813608013,0.19431504942241834
Momentum_20_linear,0.4103037811688465,0.656322644696556,1.0,0.8189686432234383,0.6321057564484094,0.44109890643264216,0.30926120060190726,0.24871500814782627
Momentum_30_linear,0.3104333206387563,0.5441205981408915,0.8189686432234383,1.0,0.7777547147052596,0.5381989631499035,0.4102924442742719,0.3392132481579572
Momentum_50_linear,0.23415180158350637,0.40061428955903616,0.6321057564484094,0.7777547147052596,1.0,0.6959435499567045,0.5101383698228422,0.43585866728388734
Momentum_100_linear,0.1748649357294087,0.3017575231273239,0.44109890643264216,0.5381989631499035,0.6959435499567045,1.0,0.7053682857585549,0.6433778820808654
Momentum_200_linear,0.12760828124642348,0.2185248813608013,0.30926120060190726,0.4102924442742719,0.5101383698228422,0.7053682857585549,1.0,0.8940134679873488
Momentum_250_linear,0.07362224740402598,0.19431504942241834,0.24871500814782627,0.3392132481579572,0.43585866728388734,0.6433778820808654,0.8940134679873488,1.0
