,Momentum_5_linear,Momentum_10_linear,Momentum_20_linear,Momentum_30_linear
Momentum_5_linear,1.0,0.6309431471277077,0.5201131193167694,0.4248023084255188
Momentum_10_linear,0.6309431471277077,1.0,0.5176234124805369,0.4539570788494338
Momentum_20_linear,0.5201131193167694,0.5176234124805369,1.0,0.8302784349385558
Momentum_30_linear,0.4248023084255188,0.4539570788494338,0.8302784349385558,1.0
