,Momentum_5_linear,Momentum_10_linear,Momentum_20_linear,Momentum_30_linear
Momentum_5_linear,1.0,0.587208006019989,0.34964213262799243,0.27025826855189417
Momentum_10_linear,0.587208006019989,1.0,0.6357134077064961,0.49450305310518866
Momentum_20_linear,0.34964213262799243,0.6357134077064961,1.0,0.8109946337158004
Momentum_30_linear,0.27025826855189417,0.49450305310518866,0.8109946337158004,1.0
