,Momentum_5,Momentum_10,Momentum_20,Momentum_30
Momentum_5,1.0,0.3207428976373105,0.2757520528384889,0.16185103103136478
Momentum_10,0.3207428976373105,1.0,0.4264881806976475,0.3132193915242547
Momentum_20,0.2757520528384889,0.4264881806976475,1.0,0.5552453356599484
Momentum_30,0.16185103103136478,0.3132193915242547,0.5552453356599484,1.0
