,Momentum_5_linear,Momentum_10_linear,Momentum_20_linear,Momentum_30_linear
Momentum_5_linear,1.0,0.6547925443112843,0.45470917158371865,0.3794039440165754
Momentum_10_linear,0.6547925443112843,1.0,0.6881519412221049,0.5598564251641263
Momentum_20_linear,0.45470917158371865,0.6881519412221049,1.0,0.8089053954140648
Momentum_30_linear,0.3794039440165754,0.5598564251641263,0.8089053954140648,1.0
