,Momentum_5_linear,Momentum_10_linear,Momentum_20_linear,Momentum_30_linear,Momentum_50_linear,Momentum_100_linear,Momentum_200_linear,Momentum_250_linear
Momentum_5_linear,1.0,0.6309431471277077,0.5201131193167694,0.4248023084255188,0.3682422040952732,0.30002495710839416,0.22604349403365268,0.19475397946927805
Momentum_10_linear,0.6309431471277077,1.0,0.5176234124805369,0.4539570788494338,0.2957831463122882,0.2655323976909104,0.17154754097589886,0.15183352970066874
Momentum_20_linear,0.5201131193167694,0.5176234124805369,1.0,0.8302784349385558,0.5841196183581493,0.42256642963663354,0.20599968258040355,0.19368136702818342
Momentum_30_linear,0.4248023084255188,0.4539570788494338,0.8302784349385558,1.0,0.750779803803742,0.5164703117227861,0.3163897566553394,0.31835788758315525
Momentum_50_linear,0.3682422040952732,0.2957831463122882,0.5841196183581493,0.750779803803742,1.0,0.672398428057899,0.42461413264480957,0.4307898511891494
Momentum_100_linear,0.30002495710839416,0.2655323976909104,0.42256642963663354,0.5164703117227861,0.672398428057899,1.0,0.6010039319277786,0.5281242976646214
Momentum_200_linear,0.22604349403365268,0.17154754097589886,0.20599968258040355,0.3163897566553394,0.42461413264480957,0.6010039319277786,1.0,0.8547913254945007
Momentum_250_linear,0.19475397946927805,0.15183352970066874,0.19368136702818342,0.31835788758315525,0.4307898511891494,0.5281242976646214,0.8547913254945007,1.0
