,correlation,correlation_stable,accuracy,mean,std,skew,zeros
Momentum_5,-0.0514234897130252,-0.40000000000000013,0.5481481481481482,0.5094339622641509,0.4999109924336517,-0.037957761777972096,0.49056603773584906
Momentum_10,0.06149245306001427,0.8,0.5037593984962406,0.5018867924528302,0.49999644000156634,-0.0075902549869862395,0.4981132075471698
Momentum_20,0.00047682337468746245,-0.40000000000000013,0.5190839694656488,0.49433962264150944,0.49996795910154035,0.0227720621078428,0.5056603773584906
Momentum_30,-0.037355057225274116,-0.40000000000000013,0.5073529411764706,0.5132075471698113,0.49982553025806636,-0.05314995272783365,0.4867924528301887
