,correlation,correlation_stable,accuracy,mean,std,skewness,zero_percent
Momentum_5_linear,0.07243885520328155,-0.40000000000000013,0.6037735849056604,0.0113902225025155,0.05211006576501687,0.5389128599790297,0.018518518518518517
Momentum_10_linear,-0.023733091873777677,-0.40000000000000013,0.5471698113207547,0.011881704537742692,0.0783815246204708,0.07734590083056297,0.018518518518518517
Momentum_20_linear,0.058887346107937055,-0.40000000000000013,0.5192307692307693,0.012842201171970978,0.1443545579014137,1.1719955607199393,0.037037037037037035
Momentum_30_linear,0.1178473693825749,0.8,0.5961538461538461,0.01539399669053165,0.15842570530563085,0.5890037708449891,0.037037037037037035
