,correlation,correlation_stable,accuracy,mean,std,skewness,zero_percent
Momentum_5_linear,-0.0009300812477377367,-0.40000000000000013,0.5155875299760192,0.0014699434327223513,0.025381423529126458,-0.3522640442656479,0.0
Momentum_10_linear,0.01400483683869927,0.5999999999999999,0.5011990407673861,0.0017737046921438974,0.03638171605267579,-0.18376495255337114,0.0
Momentum_20_linear,0.07718680382476686,1.8,0.5203836930455635,0.00294009398270608,0.0549153178503172,-0.0947183419974385,0.0
Momentum_30_linear,0.032118423542223946,0.5999999999999999,0.5155875299760192,0.004832310415982477,0.06442959935752002,-0.13733671671246017,0.0
Momentum_50_linear,0.018303915089072243,-0.40000000000000013,0.5323741007194245,0.006473494094968957,0.08686696164125957,0.11590099657041801,0.0
Momentum_100_linear,0.038483541895146724,-0.40000000000000013,0.5299760191846523,0.010626414902260817,0.13018611637014516,0.36363685843101573,0.0
Momentum_200_linear,0.03877733152797287,0.3999999999999999,0.5155875299760192,0.02000129252462613,0.19177539880647823,0.48520580956241055,0.0
Momentum_250_linear,0.033797470102646374,-0.40000000000000013,0.5179856115107914,0.025305001772329038,0.21645123387522563,0.42733840060184597,0.0
