,correlation,correlation_stable,accuracy,mean,std,skew,zeros
Momentum_5_linear,-0.003860990628167363,-0.40000000000000013,0.5090121317157712,0.0001416159843541687,0.025908734412531043,-0.040242792309293236,0.0008658008658008658
Momentum_10_linear,0.023439587923809322,-0.40000000000000013,0.5059843885516044,0.00032715457541419906,0.038598087318927374,0.05759836253581833,0.0017316017316017316
Momentum_20_linear,0.044759699924743546,0.5999999999999999,0.5082536924413553,0.0007794703989055246,0.05619535576276252,-0.016781566178139883,0.003463203463203463
Momentum_30_linear,0.03192316518990541,-0.40000000000000013,0.5042645778938207,0.0014135044750825203,0.06974908411426142,-0.044319344944629545,0.005194805194805195
