,correlation,correlation_stable,accuracy,mean,std,skewness,zero_percent
Momentum_5_linear,0.07243885520328155,-0.40000000000000013,0.6037735849056604,0.0113902225025155,0.05211006576501687,0.5389128599790297,0.018518518518518517
Momentum_10_linear,-0.023733091873777677,-0.40000000000000013,0.5471698113207547,0.011881704537742692,0.0783815246204708,0.07734590083056297,0.018518518518518517
Momentum_20_linear,0.058887346107937055,-0.40000000000000013,0.5192307692307693,0.012842201171970978,0.1443545579014137,1.1719955607199393,0.037037037037037035
Momentum_30_linear,0.1178473693825749,0.8,0.5961538461538461,0.01539399669053165,0.15842570530563085,0.5890037708449891,0.037037037037037035
Momentum_50_linear,0.23111487602682568,0.8,0.6078431372549019,0.02120039444820328,0.21974361124589126,0.32256514409858733,0.05555555555555555
Momentum_100_linear,0.04818507025065248,-0.40000000000000013,0.5416666666666666,0.04688031511645517,0.3098166876898229,0.41302085301951635,0.1111111111111111
Momentum_200_linear,0.06579385828380703,-0.6000000000000001,0.5,0.00993056991953435,0.37405665605445537,0.13863843170947376,0.2222222222222222
Momentum_250_linear,-0.03221591209727184,0.40000000000000013,0.55,-0.006884192958603201,0.39811014323292765,0.03890026253299606,0.25925925925925924
