,correlation,correlation_stable,accuracy,mean,std,skewness,zero_percent
Momentum_5_linear,-0.0017604201401823143,-0.6000000000000001,0.50625,0.0013113026922841131,0.024183134802548856,0.01545699779622346,0.003115264797507788
Momentum_10_linear,-0.025951080517161225,-0.40000000000000013,0.51875,0.0019060291170360777,0.03545935521857306,0.35190444178262253,0.003115264797507788
Momentum_20_linear,0.023946476753619123,-0.40000000000000013,0.5235109717868338,0.0012750686781492666,0.05506094212385317,-0.22924658762941938,0.006230529595015576
Momentum_30_linear,0.02583834968483523,-0.40000000000000013,0.5235109717868338,0.0017259896353402557,0.06653302619345962,-0.18359442873188703,0.006230529595015576
