,VwapSignal_3,VwapSignal_5,VwapSignal_10,VwapSignal_20,VwapSignal_50,VwapSignal_100,VwapSignal_200,VwapSignal_300
VwapSignal_3,1.0,0.6853374352062848,0.40951178451178444,0.30208227759653933,0.1377680723111029,0.13077000663060478,0.0742661031507898,0.040396012626434254
VwapSignal_5,0.6853374352062848,1.0,0.5691500076160307,0.3551333898144703,0.20049404285215183,0.1356590507447337,0.07982432345374159,0.026071506038721846
VwapSignal_10,0.40951178451178444,0.5691500076160307,1.0,0.6028988473260548,0.3606405807287589,0.23715203774810642,0.10354816667881554,0.07910885806010043
VwapSignal_20,0.30208227759653933,0.3551333898144703,0.6028988473260548,1.0,0.5922108167823149,0.4027280296373629,0.25586257510312294,0.19722372130466062
VwapSignal_50,0.1377680723111029,0.20049404285215183,0.3606405807287589,0.5922108167823149,1.0,0.6828186402608063,0.44827423869804073,0.3512083619373861
VwapSignal_100,0.13077000663060478,0.1356590507447337,0.23715203774810642,0.4027280296373629,0.6828186402608063,1.0,0.7209567767250957,0.5412867999957984
VwapSignal_200,0.0742661031507898,0.07982432345374159,0.10354816667881554,0.25586257510312294,0.44827423869804073,0.7209567767250957,1.0,0.7802991597266542
VwapSignal_300,0.040396012626434254,0.026071506038721846,0.07910885806010043,0.19722372130466062,0.3512083619373861,0.5412867999957984,0.7802991597266542,1.0
