,Skewness_3,Skewness_5,Skewness_10,Skewness_20,Skewness_50,Skewness_100,Skewness_200,Skewness_300
Skewness_3,1.0,0.4274518096721425,0.2591416911769405,0.16002167855188998,0.008019784413693068,-0.024385491777038738,-0.08475375568509755,-0.11372441825952244
Skewness_5,0.4274518096721425,1.0,0.511592741333696,0.2861007880196786,0.050533763869068535,0.06352402131667859,0.016530371121727828,-0.010842661580404549
Skewness_10,0.2591416911769405,0.511592741333696,1.0,0.612820754006822,0.3020375803622887,0.22762520608131145,0.10992938842851423,0.05396172640195698
Skewness_20,0.16002167855188998,0.2861007880196786,0.612820754006822,1.0,0.4475490649141849,0.33475924869738777,0.16042560648722248,0.0665381334197324
Skewness_50,0.008019784413693068,0.050533763869068535,0.3020375803622887,0.4475490649141849,1.0,0.7111685240711015,0.41362292621168034,0.264112650288864
Skewness_100,-0.024385491777038738,0.06352402131667859,0.22762520608131145,0.33475924869738777,0.7111685240711015,1.0,0.6466296548063684,0.44498308435235273
Skewness_200,-0.08475375568509755,0.016530371121727828,0.10992938842851423,0.16042560648722248,0.41362292621168034,0.6466296548063684,1.0,0.7415940416154678
Skewness_300,-0.11372441825952244,-0.010842661580404549,0.05396172640195698,0.0665381334197324,0.264112650288864,0.44498308435235273,0.7415940416154678,1.0
