,VwapSignal_3,VwapSignal_5,VwapSignal_10,VwapSignal_20,VwapSignal_50,VwapSignal_100,VwapSignal_200,VwapSignal_300
VwapSignal_3,1.0,0.6391074108108985,0.35835335859898515,0.21507845691146274,0.1054562129777362,0.010606362581278719,0.03631898838798131,0.03201066526189262
VwapSignal_5,0.6391074108108985,1.0,0.5904099236933967,0.3935591136741616,0.2349426829693184,0.08520363008941166,0.03464591144306383,0.009076654905339343
VwapSignal_10,0.35835335859898515,0.5904099236933967,1.0,0.6136878854522415,0.34348151514327485,0.17846470240315357,0.12193660255593113,0.049071754243215145
VwapSignal_20,0.21507845691146274,0.3935591136741616,0.6136878854522415,1.0,0.596503087348591,0.37132995138129116,0.28934062268972294,0.18662330780702657
VwapSignal_50,0.1054562129777362,0.2349426829693184,0.34348151514327485,0.596503087348591,1.0,0.624135998505511,0.44877496277790396,0.33748975836032885
VwapSignal_100,0.010606362581278719,0.08520363008941166,0.17846470240315357,0.37132995138129116,0.624135998505511,1.0,0.7035938121734265,0.5623738618882435
VwapSignal_200,0.03631898838798131,0.03464591144306383,0.12193660255593113,0.28934062268972294,0.44877496277790396,0.7035938121734265,1.0,0.8111065633647427
VwapSignal_300,0.03201066526189262,0.009076654905339343,0.049071754243215145,0.18662330780702657,0.33748975836032885,0.5623738618882435,0.8111065633647427,1.0
