,FundingRate_5_1.0,FundingRate_10_1.0,FundingRate_20_1.0,FundingRate_30_1.0
FundingRate_5_1.0,1.0,0.8483578075631729,0.6811638350531185,0.6207459114265909
FundingRate_10_1.0,0.8483578075631729,1.0,0.8705064355591909,0.7943086030228385
FundingRate_20_1.0,0.6811638350531185,0.8705064355591909,1.0,0.9466404590180191
FundingRate_30_1.0,0.6207459114265909,0.7943086030228385,0.9466404590180191,1.0
