,FundingRate_5_1.0,FundingRate_10_1.0,FundingRate_20_1.0,FundingRate_30_1.0,FundingRate_50_1.0,FundingRate_100_1.0,FundingRate_200_1.0
FundingRate_5_1.0,1.0,0.8526130742161196,0.7084089764697481,0.6395358711286695,0.5715254996123516,0.5010844917973303,0.4443172794470194
FundingRate_10_1.0,0.8526130742161196,1.0,0.891689650159742,0.8126082978894418,0.7350552113300649,0.6386148709492285,0.5328265043871585
FundingRate_20_1.0,0.7084089764697481,0.891689650159742,1.0,0.9493262964127804,0.8639371744258655,0.7452599081848416,0.6236226773528107
FundingRate_30_1.0,0.6395358711286695,0.8126082978894418,0.9493262964127804,1.0,0.9376709538769564,0.8105837717341793,0.6745581201795067
FundingRate_50_1.0,0.5715254996123516,0.7350552113300649,0.8639371744258655,0.9376709538769564,1.0,0.9015701453061095,0.7486440362668269
FundingRate_100_1.0,0.5010844917973303,0.6386148709492285,0.7452599081848416,0.8105837717341793,0.9015701453061095,1.0,0.893687917388083
FundingRate_200_1.0,0.4443172794470194,0.5328265043871585,0.6236226773528107,0.6745581201795067,0.7486440362668269,0.893687917388083,1.0
