,FundingRate_5,FundingRate_10,FundingRate_20,FundingRate_30
FundingRate_5,1.0,0.8422969491546078,0.679193624852619,0.6018994169600126
FundingRate_10,0.8422969491546078,1.0,0.8725748608808362,0.7722301625185063
FundingRate_20,0.679193624852619,0.8725748608808362,1.0,0.9417972302156785
FundingRate_30,0.6018994169600126,0.7722301625185063,0.9417972302156785,1.0
