,FundingRate_5_1.0,FundingRate_10_1.0,FundingRate_20_1.0,FundingRate_30_1.0
FundingRate_5_1.0,1.0,0.8483720063314691,0.6948769836534189,0.6303619862562306
FundingRate_10_1.0,0.8483720063314691,1.0,0.8817840728852347,0.8068406865809111
FundingRate_20_1.0,0.6948769836534189,0.8817840728852347,1.0,0.9464965195863134
FundingRate_30_1.0,0.6303619862562306,0.8068406865809111,0.9464965195863134,1.0
