,FundingRate_5_1.0,FundingRate_10_1.0,FundingRate_20_1.0,FundingRate_30_1.0
FundingRate_5_1.0,1.0,0.8779030224304964,0.7719909993310626,0.7167347139967061
FundingRate_10_1.0,0.8779030224304964,1.0,0.9301929913397322,0.8626472429256767
FundingRate_20_1.0,0.7719909993310626,0.9301929913397322,1.0,0.9569033788495087
FundingRate_30_1.0,0.7167347139967061,0.8626472429256767,0.9569033788495087,1.0
