,correlation,correlation_stable,accuracy,mean,std,skewness,zero_percent
FundingRate_5_1.0,0.03837493129855533,0.8,0.5087719298245614,-0.005121471274501681,0.6085938163745159,-0.007024488864541047,0.2897196261682243
FundingRate_10_1.0,0.014033355745732754,0.3999999999999999,0.5227272727272727,-0.02052129164392821,0.642407415061022,-0.010975837896276283,0.17757009345794392
FundingRate_20_1.0,-0.00724761329662671,-0.6000000000000001,0.5177304964539007,-0.0053097323948325635,0.6535932203382449,-0.07777869701885551,0.12149532710280374
FundingRate_30_1.0,-0.0027947335092765057,-0.40000000000000013,0.5016949152542373,-0.005558177009288006,0.6624788182816237,-0.051980602162292736,0.08099688473520249
