,correlation,correlation_stable,accuracy,mean,std,skewness,zero_percent
FundingRate_5_1.0,-0.0023308973127779205,-0.6000000000000001,0.5151515151515151,0.00926520915441691,0.6017067811014979,-0.010150578694666151,0.2826086956521739
FundingRate_10_1.0,-0.02371813442913046,0.40000000000000013,0.5311572700296736,-0.007382248976250263,0.641393439939239,0.005776989713022402,0.1859903381642512
FundingRate_20_1.0,-0.037698856560144114,0.8,0.5305555555555556,0.0026362856916127848,0.6602480989871018,-0.04456465900915741,0.13043478260869565
FundingRate_30_1.0,-0.027243140223745924,0.5999999999999999,0.5185185185185186,0.002967488733366243,0.6687477028550292,-0.04679163986084285,0.08695652173913043
