,correlation,correlation_stable,accuracy,mean,std,skew,zeros
FundingRate_5_1.0,0.006466374256515758,1.0,0.5182135728542914,0.00045807556778507867,0.562540214771154,-0.00044736164778518873,0.30597402597402595
FundingRate_10_1.0,0.0193918406737,1.2000000000000002,0.5111779879621668,0.007083552408540159,0.6260448516554146,-0.03402327241409176,0.19445887445887447
FundingRate_20_1.0,0.02161344645757909,1.4,0.505393214355756,0.01202442964927779,0.6545734750981563,-0.061046877539700846,0.11705627705627705
FundingRate_30_1.0,0.008398200521582626,0.3999999999999999,0.5013162843174126,0.01796929076272655,0.6715971303192947,-0.06990266658995108,0.07913419913419914
