,correlation,correlation_stable,accuracy,mean,std,skew,zeros
FundingRate_5,-0.09933046542658769,2.0,0.5396825396825398,-0.025406645422120042,0.4944815449452788,0.07617322465422775,0.28679245283018867
FundingRate_10,-0.08553309596541996,2.0,0.5571428571428572,-0.035343741896385755,0.678121177643791,-0.2377932006202591,0.20754716981132076
FundingRate_20,-0.05090250023202896,1.6,0.525,-0.02678625598034238,0.778482869184181,-0.3264911787947025,0.09433962264150944
FundingRate_30,-0.014429501997330922,0.3999999999999999,0.5020408163265306,-0.038354351279562715,0.8231618828715009,-0.39271562078092387,0.07547169811320754
