,correlation,correlation_stable,accuracy,mean,std,skewness,zero_percent
FundingRate_5_1.0,0.04740159178296878,0.3999999999999999,0.56,-0.037518455996996894,0.6084379190313486,-0.1661978549831901,0.07407407407407407
FundingRate_10_1.0,0.02768458282896441,-0.40000000000000013,0.5961538461538461,-0.05792581953802078,0.687276401055049,0.11434998871094884,0.037037037037037035
FundingRate_20_1.0,0.04065526972370783,-0.6000000000000001,0.5576923076923077,-0.09103698233840793,0.7166126051224356,0.2770894443420082,0.037037037037037035
FundingRate_30_1.0,0.037406979787394386,0.3999999999999999,0.5961538461538461,-0.09487843793340038,0.7068822761726871,0.18028696060177732,0.037037037037037035
