,correlation,correlation_stable,accuracy,mean,std,skewness,zero_percent
FundingRate_5_1.0,-0.06885054812976703,0.5999999999999999,0.5049180327868852,-0.04855088131740018,0.6580056370203831,0.08492396559881289,0.2685851318944844
FundingRate_10_1.0,-0.040146034811750095,0.8,0.5044510385756676,-0.04921644104664801,0.6630056081904862,0.11080504883988886,0.19184652278177458
FundingRate_20_1.0,-0.03809388507648176,0.8,0.504,-0.038831567944467446,0.6767368222156206,0.07060712774430188,0.10071942446043165
FundingRate_30_1.0,-0.035507206732687056,1.6,0.5013123359580052,-0.037812374752674516,0.6837154586570977,0.05627262374436963,0.08633093525179857
FundingRate_50_1.0,-0.01675324564160972,0.40000000000000013,0.5100502512562815,-0.03661526841764958,0.6997105209741221,0.07173288021430436,0.045563549160671464
FundingRate_100_1.0,-0.004360563083218349,0.3999999999999999,0.5036144578313253,-0.03943724131438221,0.7018786745139076,0.09483534873279392,0.004796163069544364
FundingRate_200_1.0,0.014311469226768885,-0.40000000000000013,0.5131894484412469,-0.05719870633244475,0.6977413100830623,0.11693884893670475,0.0
