,Momentum_5_linear,Momentum_10_linear,Momentum_20_linear,Momentum_30_linear
Momentum_5_linear,1.0,0.6852558826429966,0.45812085400209285,0.36900450093788134
Momentum_10_linear,0.6852558826429966,1.0,0.6887628355099835,0.569279186277344
Momentum_20_linear,0.45812085400209285,0.6887628355099835,1.0,0.817976503213318
Momentum_30_linear,0.36900450093788134,0.569279186277344,0.817976503213318,1.0
