,correlation,correlation_stable,accuracy,mean,std,skewness,zero_percent
Momentum_5_linear,0.01755379149825087,-0.40000000000000013,0.5168269230769231,0.0032067747950480538,0.03347236076023045,0.6182253594359287,0.002398081534772182
Momentum_10_linear,0.06976863807756037,1.8,0.5227817745803357,0.0036279361705785816,0.04818004914000664,0.25154930194387126,0.0
Momentum_20_linear,0.08711142949759715,0.8,0.5059952038369304,0.003715341814368012,0.06920564521657749,-0.20769022147269142,0.0
Momentum_30_linear,0.035832812149848965,0.5999999999999999,0.5467625899280575,0.007284687452667952,0.08402223046859632,0.03675464246856864,0.0
Momentum_50_linear,0.023450138514156848,-0.6000000000000001,0.5203836930455635,0.00892537707878831,0.11164206849733112,0.23685039021409,0.0
Momentum_100_linear,0.0007326274202942162,-0.6000000000000001,0.5131894484412469,0.01693701255621103,0.16874444168405558,0.6311005175626032,0.0
Momentum_200_linear,0.030023739252514916,0.3999999999999999,0.5131894484412469,0.03269959887803084,0.24609228548087192,0.7937018390453082,0.0
Momentum_250_linear,-0.006214418625700315,1.2000000000000002,0.5107913669064748,0.043382897651148895,0.280544777872008,0.8620785636698263,0.0
