,StablecoinFlow_increase_0.001,StablecoinFlow_increase_0.002,StablecoinFlow_increase_0.003,StablecoinFlow_increase_0.004,StablecoinFlow_increase_0.005
StablecoinFlow_increase_0.001,1.0,0.7049073768502413,0.5976143046671968,0.4780914437337574,0.4099600308453939
StablecoinFlow_increase_0.002,0.7049073768502413,1.0,0.8477912478906583,0.6782329983125271,0.5815799980377995
StablecoinFlow_increase_0.003,0.5976143046671968,0.8477912478906583,1.0,0.7999999999999998,0.6859943405700353
StablecoinFlow_increase_0.004,0.4780914437337574,0.6782329983125271,0.7999999999999998,1.0,0.8574929257125439
StablecoinFlow_increase_0.005,0.4099600308453939,0.5815799980377995,0.6859943405700353,0.8574929257125439,1.0
