,SpotFutureSpread_7_True,SpotFutureSpread_14_True,SpotFutureSpread_30_True
SpotFutureSpread_7_True,1.0,0.9143238235869633,0.8095461828628564
SpotFutureSpread_14_True,0.9143238235869633,1.0,0.9159802129241125
SpotFutureSpread_30_True,0.8095461828628564,0.9159802129241125,1.0
