,SpotFutureSpread_7,SpotFutureSpread_14,SpotFutureSpread_30
SpotFutureSpread_7,1.0,0.9181893057414592,0.8237024845754621
SpotFutureSpread_14,0.9181893057414592,1.0,0.9150578841097766
SpotFutureSpread_30,0.8237024845754621,0.9150578841097766,1.0
