,SpotFutureSpread_7_True,SpotFutureSpread_14_True,SpotFutureSpread_30_True,SpotFutureSpread_60_True,SpotFutureSpread_90_True,SpotFutureSpread_120_True,SpotFutureSpread_180_True,SpotFutureSpread_365_True
SpotFutureSpread_7_True,1.0,0.9428048375456601,0.9143262375684768,0.8208132505200524,0.7461011784681921,0.7192332166977046,0.663473717808379,0.6120997144264294
SpotFutureSpread_14_True,0.9428048375456601,1.0,0.9498635185534404,0.8156027185702852,0.7170829952738448,0.6875496880926583,0.62069278562361,0.5803289541224329
SpotFutureSpread_30_True,0.9143262375684768,0.9498635185534404,1.0,0.8956155389695841,0.7945267621205967,0.7470189712804449,0.6539119299176163,0.5671045453043476
SpotFutureSpread_60_True,0.8208132505200524,0.8156027185702852,0.8956155389695841,1.0,0.9403488768676692,0.8844318901664654,0.8025091501726743,0.6284014317488331
SpotFutureSpread_90_True,0.7461011784681921,0.7170829952738448,0.7945267621205967,0.9403488768676692,1.0,0.9606860398557318,0.8850458522068639,0.6525199345105339
SpotFutureSpread_120_True,0.7192332166977046,0.6875496880926583,0.7470189712804449,0.8844318901664654,0.9606860398557318,1.0,0.9348214648530518,0.6589218635414361
SpotFutureSpread_180_True,0.663473717808379,0.62069278562361,0.6539119299176163,0.8025091501726743,0.8850458522068639,0.9348214648530518,1.0,0.725987359968295
SpotFutureSpread_365_True,0.6120997144264294,0.5803289541224329,0.5671045453043476,0.6284014317488331,0.6525199345105339,0.6589218635414361,0.725987359968295,1.0
