,SpotFutureSpread_7_True,SpotFutureSpread_14_True,SpotFutureSpread_30_True
SpotFutureSpread_7_True,1.0,0.91391800800087,0.8219097423119525
SpotFutureSpread_14_True,0.91391800800087,1.0,0.9271126873336604
SpotFutureSpread_30_True,0.8219097423119525,0.9271126873336604,1.0
