,SpotFutureSpread_7_True,SpotFutureSpread_14_True,SpotFutureSpread_30_True
SpotFutureSpread_7_True,1.0,0.9122528605275187,0.8203999894868546
SpotFutureSpread_14_True,0.9122528605275187,1.0,0.9261338877737103
SpotFutureSpread_30_True,0.8203999894868546,0.9261338877737103,1.0
