,SpotFutureSpread_7_True,SpotFutureSpread_14_True,SpotFutureSpread_30_True
SpotFutureSpread_7_True,1.0,0.9428048375456601,0.9143262375684768
SpotFutureSpread_14_True,0.9428048375456601,1.0,0.9498635185534404
SpotFutureSpread_30_True,0.9143262375684768,0.9498635185534404,1.0
