,correlation,correlation_stable,accuracy,mean,std,skew,zeros
SpotFutureSpread_7_True,-0.02362981992055776,1.2000000000000002,0.5093619972260749,-0.004052833852348306,0.6167265746331343,0.007501669681410528,0.0012121212121212121
SpotFutureSpread_14_True,-0.032591096629638244,1.8,0.5098073251171671,-0.00472305438817768,0.6202864139979252,0.017374749877251766,0.0024242424242424242
SpotFutureSpread_30_True,-0.036139170147205295,0.8,0.5096605744125327,-0.00882254693013697,0.6224394634737882,0.037243062612183984,0.005194805194805195
