,correlation,correlation_stable,accuracy,mean,std,skewness,zero_percent
SpotFutureSpread_7_True,-0.07227256473216412,-0.40000000000000013,0.6037735849056604,0.055660205773426,0.622671036987108,-0.04961073653842441,0.018518518518518517
SpotFutureSpread_14_True,-0.03077923904042808,-0.40000000000000013,0.5283018867924528,0.0256415779226479,0.6402352219850843,0.010574579640476747,0.018518518518518517
SpotFutureSpread_30_True,-0.045461754306650996,-0.40000000000000013,0.5576923076923077,0.023835763491821874,0.6433173046611653,0.023649737768456126,0.037037037037037035
SpotFutureSpread_60_True,-0.03695737034647926,0.8,0.52,0.06886841424088339,0.6021305957608009,-0.01416399379192209,0.07407407407407407
SpotFutureSpread_90_True,0.00850709050811012,-0.40000000000000013,0.5102040816326531,0.0525811490036823,0.5667589277040703,0.06694283399685384,0.09259259259259259
SpotFutureSpread_120_True,-0.03547656520319265,0.5999999999999999,0.5106382978723404,0.011976765857106844,0.5603448871215977,0.2471430081685087,0.12962962962962962
SpotFutureSpread_180_True,0.015594880798202777,-0.40000000000000013,0.5454545454545454,-0.010206573270159612,0.5063172380709167,0.4351764155936211,0.18518518518518517
SpotFutureSpread_365_True,0.09747324246900597,0.3999999999999999,0.6363636363636364,-0.0030269791356548345,0.4261623682303409,0.8287743229477138,0.3888888888888889
