,correlation,correlation_stable,accuracy,mean,std,skewness,zero_percent
SpotFutureSpread_7_True,-0.07227256473216412,-0.40000000000000013,0.6037735849056604,0.055660205773426,0.622671036987108,-0.04961073653842441,0.018518518518518517
SpotFutureSpread_14_True,-0.03077923904042808,-0.40000000000000013,0.5283018867924528,0.0256415779226479,0.6402352219850843,0.010574579640476747,0.018518518518518517
SpotFutureSpread_30_True,-0.045461754306650996,-0.40000000000000013,0.5576923076923077,0.023835763491821874,0.6433173046611653,0.023649737768456126,0.037037037037037035
