,correlation,correlation_stable,accuracy,mean,std,skewness,zero_percent
SpotFutureSpread_7_True,0.0712884988023809,0.5999999999999999,0.50625,0.006193481637645241,0.6288065491836088,-0.0038952810970336784,0.003115264797507788
SpotFutureSpread_14_True,0.060333018137411695,-0.40000000000000013,0.509375,-0.023225036756891842,0.6202683131257045,0.08648916623500204,0.003115264797507788
SpotFutureSpread_30_True,0.03729754841278314,-0.40000000000000013,0.5047021943573667,-0.020635512216989917,0.6247392269010495,0.08230518851351865,0.006230529595015576
