,correlation,correlation_stable,accuracy,mean,std,skewness,zero_percent
SpotFutureSpread_7_True,0.025576418569068192,-0.40000000000000013,0.5302663438256658,-0.00912966193382003,0.6159242536566368,0.036865696968274186,0.0024154589371980675
SpotFutureSpread_14_True,0.02747029523971167,-0.6000000000000001,0.5230024213075061,-0.03749071974062183,0.6124666720848227,0.12198539394218885,0.0024154589371980675
SpotFutureSpread_30_True,0.0005249509355030998,-0.40000000000000013,0.5218446601941747,-0.03773690697770303,0.6264109572304822,0.126369332259935,0.004830917874396135
