,correlation,correlation_stable,accuracy,mean,std,skew,zeros
SpotFutureSpread_7,-0.06271205038141303,-0.40000000000000013,0.5132075471698113,-0.005998679817460533,0.8248732091270564,-0.14052199208773553,0.0
SpotFutureSpread_14,-0.09695466334435264,-0.40000000000000013,0.5283018867924528,0.0082376754776226,0.8649017736765164,-0.14531347727041577,0.0
SpotFutureSpread_30,-0.1164085233742082,-0.40000000000000013,0.5169811320754717,-0.0073638408670788835,0.8989126163089882,-0.06140320212663698,0.0
