,SpotFutureSpread_7_True,SpotFutureSpread_14_True,SpotFutureSpread_30_True,SpotFutureSpread_60_True,SpotFutureSpread_90_True,SpotFutureSpread_120_True,SpotFutureSpread_180_True,SpotFutureSpread_365_True
SpotFutureSpread_7_True,1.0,0.9237247605255121,0.8234001031320425,0.7200892960159013,0.6713856282490533,0.6402414866978647,0.5802787481603164,0.5113902111884454
SpotFutureSpread_14_True,0.9237247605255121,1.0,0.9082784545798342,0.7995537302382767,0.7414901251528868,0.6995113932284305,0.62822253456807,0.5465722430906499
SpotFutureSpread_30_True,0.8234001031320425,0.9082784545798342,1.0,0.9247942823637395,0.8631773310481748,0.8168375031685532,0.7345728002337436,0.6295151954937733
SpotFutureSpread_60_True,0.7200892960159013,0.7995537302382767,0.9247942823637395,1.0,0.9640101751577115,0.9203661315604251,0.837031444751788,0.6977198344952801
SpotFutureSpread_90_True,0.6713856282490533,0.7414901251528868,0.8631773310481748,0.9640101751577115,1.0,0.978315213161308,0.911844211419751,0.7655094292306268
SpotFutureSpread_120_True,0.6402414866978647,0.6995113932284305,0.8168375031685532,0.9203661315604251,0.978315213161308,1.0,0.95767350864007,0.8160416650301346
SpotFutureSpread_180_True,0.5802787481603164,0.62822253456807,0.7345728002337436,0.837031444751788,0.911844211419751,0.95767350864007,1.0,0.9021565782836634
SpotFutureSpread_365_True,0.5113902111884454,0.5465722430906499,0.6295151954937733,0.6977198344952801,0.7655094292306268,0.8160416650301346,0.9021565782836634,1.0
