,correlation,correlation_stable,accuracy,mean,std,skewness,zero_percent
SpotFutureSpread_7_True,-0.008686492436866663,-0.6000000000000001,0.5203836930455635,-0.007495394734528285,0.6128420572359078,0.07204762932738666,0.0
SpotFutureSpread_14_True,0.002411589286932309,-0.6000000000000001,0.5179856115107914,-0.014168036061538847,0.6133275746192881,0.10870613357994413,0.0
SpotFutureSpread_30_True,-0.003448865268840663,0.3999999999999999,0.5323741007194245,-0.015610892210502502,0.6097686500810376,0.039625712681214204,0.0
