,weilunta_20_50_14,weilunta_20_200_14,weilunta_3_50_7,weilunta_5_50_30,weilunta_20_10_14,weilunta_20_100_14,weilunta_20_150_14,weilunta_20_100_7
weilunta_20_50_14,,,,,,,,
weilunta_20_200_14,,1.0,-0.006269592476489027,,-0.0044263389487281925,,,0.0016707627358607722
weilunta_3_50_7,,-0.006269592476489027,1.0,,-0.004426338948728191,,,0.5379856009471685
weilunta_5_50_30,,,,,,,,
weilunta_20_10_14,,-0.0044263389487281925,-0.004426338948728191,,1.0,,,0.0011795602664059612
weilunta_20_100_14,,,,,,,,
weilunta_20_150_14,,,,,,,,
weilunta_20_100_7,,0.0016707627358607722,0.5379856009471685,,0.0011795602664059612,,,1.0
