,weilunta_20_50_14,weilunta_20_200_14,weilunta_3_50_7,weilunta_5_50_30,weilunta_20_10_14,weilunta_20_100_14,weilunta_20_150_14,weilunta_20_100_7
weilunta_20_50_14,,,,,,,,
weilunta_20_200_14,,1.0,0.004173628520588608,,-0.0024038461538461514,0.49879807692307704,0.707956159007691,0.13120872534023406
weilunta_3_50_7,,0.004173628520588608,1.0,,0.004173628520588608,0.004173628520588607,-1.5878008840742842e-18,0.44592293308130987
weilunta_5_50_30,,,,,,,,
weilunta_20_10_14,,-0.0024038461538461514,0.004173628520588608,,1.0,-0.002403846153846151,2.2212929840011135e-19,0.001861116671492681
weilunta_20_100_14,,0.49879807692307704,0.004173628520588607,,-0.002403846153846151,1.0,0.707956159007691,0.2605563340089753
weilunta_20_150_14,,0.707956159007691,-1.5878008840742842e-18,,2.2212929840011135e-19,0.707956159007691,1.0,0.1827056760831657
weilunta_20_100_7,,0.13120872534023406,0.44592293308130987,,0.001861116671492681,0.2605563340089753,0.1827056760831657,1.0
