,correlation,correlation_stable,accuracy,mean,std,skewness,zero_percent
weilunta_20_50_14,0.0,1.0,0.0,0.0,0.0,0.0,1.0
weilunta_20_200_14,-0.058663141038435604,1.4,0.5,-0.004796163069544364,0.09782291632791913,-4.994341774712173,0.9904076738609112
weilunta_3_50_7,-0.0029462594008736265,0.19999999999999996,0.6666666666666666,0.007194244604316547,0.08451323830554483,11.704358619928504,0.9928057553956835
weilunta_5_50_30,0.0,1.0,0.0,0.0,0.0,0.0,1.0
weilunta_20_10_14,-0.007448940157542904,1.0,1.0,-0.002398081534772182,0.04891145816395956,-20.420577856662145,0.9976019184652278
weilunta_20_100_14,-0.08316241572264488,1.2000000000000002,1.0,-0.002398081534772182,0.04891145816395956,-20.42057785666215,0.9976019184652278
weilunta_20_150_14,-0.09245004312748384,1.4,1.0,0.0,0.06925433610644437,0.0,0.9952038369304557
weilunta_20_100_7,-0.03942527871784929,0.8,0.5333333333333333,0.007194244604316547,0.189524314709633,0.94626824621973,0.9640287769784173
