,correlation,correlation_stable,accuracy,mean,std,skewness,zero_percent
weilunta_20_50_14,,1.0,0.0,0.0,0.0,0.0,1.0
weilunta_20_200_14,0.01071170360810471,1.0,1.0,-0.006230529595015576,0.07868742018887907,-12.60914808337193,0.9937694704049844
weilunta_3_50_7,-0.04658444905295244,1.2000000000000002,0.5,-0.006230529595015576,0.07868742018887907,-12.609148083371926,0.9937694704049844
weilunta_5_50_30,,1.0,0.0,0.0,0.0,0.0,1.0
weilunta_20_10_14,-0.012053929565984082,1.0,1.0,-0.003115264797507788,0.055727550841116254,-17.91647286716892,0.9968847352024922
weilunta_20_100_14,,1.0,0.0,0.0,0.0,0.0,1.0
weilunta_20_150_14,,1.0,0.0,0.0,0.0,0.0,1.0
weilunta_20_100_7,-0.06036785689153017,1.6,0.5714285714285714,0.003115264797507788,0.14763857459280727,0.9089866419219803,0.9781931464174455
