,correlation,correlation_stable,accuracy,mean,std,skewness,zero_percent
weilunta_20_50_14,,1.0,0.0,0.0,0.0,0.0,1.0
weilunta_20_200_14,-0.2630975041885089,1.2000000000000002,1.0,-0.018518518518518517,0.13481684980149108,-7.348469228349534,0.9814814814814815
weilunta_3_50_7,,1.0,0.0,0.0,0.0,0.0,1.0
weilunta_5_50_30,,1.0,0.0,0.0,0.0,0.0,1.0
weilunta_20_10_14,,1.0,0.0,0.0,0.0,0.0,1.0
weilunta_20_100_14,,1.0,0.0,0.0,0.0,0.0,1.0
weilunta_20_150_14,,1.0,0.0,0.0,0.0,0.0,1.0
weilunta_20_100_7,-0.2664413829592551,1.4,1.0,0.037037037037037035,0.18885257457751053,5.044112982989337,0.9629629629629629
