,VolumeAnomaly_5_zscore,VolumeAnomaly_10_zscore,VolumeAnomaly_20_zscore,VolumeAnomaly_30_zscore,VolumeAnomaly_50_zscore
VolumeAnomaly_5_zscore,1.0,0.9132816550618306,0.7558848806150585,0.6947958836727978,0.6717681675123686
VolumeAnomaly_10_zscore,0.9132816550618306,1.0,0.8814024385454917,0.8048267975397828,0.7746958614199089
VolumeAnomaly_20_zscore,0.7558848806150585,0.8814024385454917,1.0,0.9549481763516156,0.9045179782653706
VolumeAnomaly_30_zscore,0.6947958836727978,0.8048267975397828,0.9549481763516156,1.0,0.9586595496914082
VolumeAnomaly_50_zscore,0.6717681675123686,0.7746958614199089,0.9045179782653706,0.9586595496914082,1.0
