,correlation,correlation_stable,accuracy,mean,std,skewness,zero_percent
weilun03_3,0.027035980915311418,-0.6000000000000001,0.5107913669064749,7.881534772182253,1.9372084403483387,-0.023772879682421384,0.0
weilun03_5,0.037112015073206085,-0.40000000000000013,0.5107913669064749,8.016306954436452,2.2229935920050514,-0.1487678296519705,0.0
weilun03_10,0.06388878590877044,0.3999999999999999,0.5107913669064749,8.023980815347722,2.4273818641203215,-0.17135162878589072,0.0
weilun03_20,0.08878077994279535,0.8,0.5107913669064749,8.078657074340528,2.4750748107588247,-0.2621993763458031,0.0
weilun03_50,0.05720143991121083,0.8,0.5107913669064749,8.231175059952038,2.609167900389616,-0.4100744607602481,0.0
weilun03_100,0.04090424874919098,-0.40000000000000013,0.5107913669064749,8.37841726618705,2.73620619717646,-0.46558114632618963,0.0
weilun03_200,0.00723648698752122,-0.40000000000000013,0.5107913669064749,8.541966426858513,2.837263005254035,-0.6228426109919076,0.0
weilun03_300,-0.03323360654093675,-0.40000000000000013,0.5107913669064749,8.54052757793765,2.709201429117448,-0.4532620293511749,0.0
weilun03_400,-0.050068523507351304,-0.40000000000000013,0.5107913669064749,8.578896882494005,2.57777546754356,-0.38676196340259,0.0
