,weilun03_3,weilun03_5,weilun03_10,weilun03_20,weilun03_50,weilun03_100,weilun03_200,weilun03_300,weilun03_400
weilun03_3,1.0,0.8878358453734704,0.5307258687804081,0.2918703269261828,0.16595578042649525,0.1161405751187076,0.06738619721901132,0.10754797891083619,0.06428516593037756
weilun03_5,0.8878358453734704,1.0,0.702998080855325,0.4236584234840207,0.2623153093743672,0.19594111652727822,0.10536689902342186,0.11085003240306482,0.060314206351333395
weilun03_10,0.5307258687804081,0.702998080855325,1.0,0.6617563190661336,0.3963307015198854,0.26715064784304915,0.20800989670531195,0.1293768928681427,0.10300014393867664
weilun03_20,0.2918703269261828,0.4236584234840207,0.6617563190661336,1.0,0.5510910985787054,0.36220835522710265,0.22413372228401668,0.15521825861194677,0.11323367918009178
weilun03_50,0.16595578042649525,0.2623153093743672,0.3963307015198854,0.5510910985787054,1.0,0.6624133973461404,0.41397130404427396,0.32226679602438224,0.25372022597925553
weilun03_100,0.1161405751187076,0.19594111652727822,0.26715064784304915,0.36220835522710265,0.6624133973461404,1.0,0.5960656259032009,0.47094697454867274,0.3737764478324779
weilun03_200,0.06738619721901132,0.10536689902342186,0.20800989670531195,0.22413372228401668,0.41397130404427396,0.5960656259032009,1.0,0.7487127804669851,0.5819375616353151
weilun03_300,0.10754797891083619,0.11085003240306482,0.1293768928681427,0.15521825861194677,0.32226679602438224,0.47094697454867274,0.7487127804669851,1.0,0.8033917265442088
weilun03_400,0.06428516593037756,0.060314206351333395,0.10300014393867664,0.11323367918009178,0.25372022597925553,0.3737764478324779,0.5819375616353151,0.8033917265442088,1.0
