,weilun03_3,weilun03_5,weilun03_10,weilun03_20,weilun03_50,weilun03_100,weilun03_200,weilun03_300,weilun03_400
weilun03_3,1.0,0.8735930125857831,0.5450173865221003,0.2997891538157125,0.15248566600077496,0.07427599543355691,0.052019417775566616,0.08476214899591984,0.039954267316130415
weilun03_5,0.8735930125857831,1.0,0.7137629618798718,0.40368503671979317,0.25247515314262337,0.1749445336168589,0.12099130638001787,0.1488154852649252,0.07923679503316113
weilun03_10,0.5450173865221003,0.7137629618798718,1.0,0.6549538914215337,0.3867037445831537,0.27235963834481697,0.2152684291560777,0.1704186390688189,0.1038809369404436
weilun03_20,0.2997891538157125,0.40368503671979317,0.6549538914215337,1.0,0.5755505144941633,0.40396080011974655,0.242779296561103,0.17627314860771445,0.1200676079223614
weilun03_50,0.15248566600077496,0.25247515314262337,0.3867037445831537,0.5755505144941633,1.0,0.7076071804451752,0.4484282567431855,0.32697174148040764,0.2408625999862238
weilun03_100,0.07427599543355691,0.1749445336168589,0.27235963834481697,0.40396080011974655,0.7076071804451752,1.0,0.6479204688281922,0.4994746609618576,0.3987870125572894
weilun03_200,0.052019417775566616,0.12099130638001787,0.2152684291560777,0.242779296561103,0.4484282567431855,0.6479204688281922,1.0,0.7532584858220157,0.5822010265663082
weilun03_300,0.08476214899591984,0.1488154852649252,0.1704186390688189,0.17627314860771445,0.32697174148040764,0.4994746609618576,0.7532584858220157,1.0,0.7955342567365055
weilun03_400,0.039954267316130415,0.07923679503316113,0.1038809369404436,0.1200676079223614,0.2408625999862238,0.3987870125572894,0.5822010265663082,0.7955342567365055,1.0
