,weilun03_3,weilun03_5,weilun03_10,weilun03_20,weilun03_50,weilun03_100,weilun03_200,weilun03_300,weilun03_400
weilun03_3,1.0,0.8873420229006068,0.587942351442522,0.438848543392149,0.2397176201730126,0.2124192757997617,0.244486468546368,-0.012899701119682624,0.2653784938835018
weilun03_5,0.8873420229006068,1.0,0.7775865823805519,0.5878020990173732,0.34776851298557926,0.30499402109992774,0.2951209608294884,0.013779453764201257,0.3687041564665503
weilun03_10,0.587942351442522,0.7775865823805519,1.0,0.7985805966806959,0.37599474845189323,0.3076170395385283,0.12320159172141154,-0.09703879011574104,0.3290093509762943
weilun03_20,0.438848543392149,0.5878020990173732,0.7985805966806959,1.0,0.5228365347201164,0.30744117337893007,0.13507986427203572,-0.09009059334474069,0.40545191465373737
weilun03_50,0.2397176201730126,0.34776851298557926,0.37599474845189323,0.5228365347201164,1.0,0.5085718852086715,0.21701617329433576,-0.1180154946575531,0.48077954049179744
weilun03_100,0.2124192757997617,0.30499402109992774,0.3076170395385283,0.30744117337893007,0.5085718852086715,1.0,0.6115682612122955,-0.03972207709455618,0.5517839549943351
weilun03_200,0.244486468546368,0.2951209608294884,0.12320159172141154,0.13507986427203572,0.21701617329433576,0.6115682612122955,1.0,0.4389822081960113,0.3405705580858894
weilun03_300,-0.012899701119682624,0.013779453764201257,-0.09703879011574104,-0.09009059334474069,-0.1180154946575531,-0.03972207709455618,0.4389822081960113,1.0,0.3809857036515899
weilun03_400,0.2653784938835018,0.3687041564665503,0.3290093509762943,0.40545191465373737,0.48077954049179744,0.5517839549943351,0.3405705580858894,0.3809857036515899,1.0
