,correlation,correlation_stable,accuracy,mean,std,skewness,zero_percent
weilun03_3,-0.20732739166747335,0.8,0.5094339622641509,13.89433962264151,3.5685425963570827,0.04416188183030547,0.0
weilun03_5,-0.23396334690251172,0.8,0.5094339622641509,13.70566037735849,4.474599806890698,-0.1529261362251017,0.0
weilun03_10,-0.26467682988975955,0.8,0.5094339622641509,14.573584905660379,5.097988909563879,-0.42743550529348234,0.0
weilun03_20,-0.27725264754351503,0.8,0.5,14.653846153846153,5.231872055689109,-0.4760018524274302,0.0
weilun03_50,-0.254972667502274,0.8,0.5098039215686274,15.200000000000003,5.119283038036617,-0.3231800921377661,0.0
weilun03_100,-0.2062615563554224,0.8,0.5,16.095833333333335,4.973595209258144,-0.7421628563820472,0.0
weilun03_200,-0.20967221269001549,1.8,0.5238095238095238,16.838095238095242,4.3790057787102,-0.40275109439235324,0.0
weilun03_300,0.09824853018087233,0.5999999999999999,0.5135135135135135,17.594594594594597,3.1466795838175234,-0.1944413239641895,0.0
weilun03_400,-0.10485258626638007,0.19999999999999996,0.5483870967741935,17.735483870967744,3.104788018019367,-0.474862911156359,0.0
