,correlation,correlation_stable,accuracy,mean,std,skewness,zero_percent
weilun03_3,0.05530177080632046,0.3999999999999999,0.5299760191846523,13.081534772182254,3.6798589202918266,-0.05611735063448607,0.0
weilun03_5,0.061411227110761774,0.5999999999999999,0.5299760191846523,13.293045563549162,4.331489138690691,-0.1298836031982502,0.0
weilun03_10,0.0274167354595029,0.3999999999999999,0.5299760191846523,13.631175059952039,4.904350030203237,-0.2792962191616085,0.0
weilun03_20,0.011377997736014686,-0.40000000000000013,0.5299760191846523,13.729976019184651,5.400656168447,-0.24099217692702252,0.0
weilun03_50,0.05670238592300293,0.5999999999999999,0.5299760191846523,14.203357314148679,5.416670975779919,-0.40102693812893286,0.0
weilun03_100,0.04881273005865137,-0.40000000000000013,0.5299760191846523,14.49832134292566,5.414592775815535,-0.40206661067443294,0.0
weilun03_200,0.09971705449652839,-0.40000000000000013,0.5299760191846523,14.747721822541969,5.220072937859598,-0.3470858379320594,0.0
weilun03_300,0.10913382065464378,0.8,0.5299760191846523,14.921822541966428,5.102134648684294,-0.48631990302847977,0.0
weilun03_400,0.12035260414202152,0.8,0.5299760191846523,14.99664268585132,4.927881644826723,-0.583932406033218,0.0
