,correlation,correlation_stable,accuracy,mean,std,skewness,zero_percent
weilun03_3,-0.029486962464358328,-0.6000000000000001,0.5125,13.050625,3.7465400183869653,-0.12426146314584119,0.0
weilun03_5,-0.0026500934075547934,-0.6000000000000001,0.5125,13.16125,4.494746760107848,-0.17474681729766547,0.0
weilun03_10,0.03456434505510728,-0.40000000000000013,0.5125,13.6375,5.09706717142319,-0.24313681721885677,0.0
weilun03_20,-0.004358780125204412,0.5999999999999999,0.5141065830721003,13.800000000000002,5.51143581699817,-0.22703363696892367,0.0
weilun03_50,0.03654928915500965,0.8,0.5157232704402516,14.37861635220126,5.326359805471526,-0.4055428373597918,0.0
weilun03_100,0.03834844407410618,-0.40000000000000013,0.5206349206349207,14.620317460317459,5.568810527650384,-0.38663982413160347,0.0
weilun03_200,0.07082916014475987,0.8,0.517799352750809,14.84789644012945,5.35359756630032,-0.3064958718596561,0.0
weilun03_300,0.05638444117086417,0.5999999999999999,0.5197368421052632,14.97763157894737,5.243143359218643,-0.38742505693220736,0.0
weilun03_400,0.08854578703914363,0.8,0.5268456375838926,15.273825503355706,5.020620512642539,-0.4515954397503688,0.0
