,Skewness_3,Skewness_5,Skewness_10,Skewness_20,Skewness_50,Skewness_100,Skewness_200,Skewness_300
Skewness_3,1.0,0.3442027104260298,0.15377480657261935,0.07141892864348139,-0.07160168517774212,-0.09740453484721391,-0.11433591591228727,-0.09745374639935095
Skewness_5,0.3442027104260298,1.0,0.49436437088383706,0.290853702673358,0.08257947124569726,0.025047328819360982,0.012656645837302747,-0.011736410444526588
Skewness_10,0.15377480657261935,0.49436437088383706,1.0,0.578296601239592,0.2940149373088436,0.21174672098481873,0.1354381584104508,0.09137504747982021
Skewness_20,0.07141892864348139,0.290853702673358,0.578296601239592,1.0,0.46056053318002976,0.2811990769760869,0.1459528094189414,0.03429273594743044
Skewness_50,-0.07160168517774212,0.08257947124569726,0.2940149373088436,0.46056053318002976,1.0,0.6839048239235592,0.48077918476358417,0.2579617176306752
Skewness_100,-0.09740453484721391,0.025047328819360982,0.21174672098481873,0.2811990769760869,0.6839048239235592,1.0,0.7043414971217213,0.5071760312085747
Skewness_200,-0.11433591591228727,0.012656645837302747,0.1354381584104508,0.1459528094189414,0.48077918476358417,0.7043414971217213,1.0,0.779034513678
Skewness_300,-0.09745374639935095,-0.011736410444526588,0.09137504747982021,0.03429273594743044,0.2579617176306752,0.5071760312085747,0.779034513678,1.0
