,Skewness_3,Skewness_5,Skewness_10,Skewness_20,Skewness_50,Skewness_100,Skewness_200,Skewness_300
Skewness_3,1.0,0.5866083200396836,0.159117535878041,0.049367630704964506,-0.17894922636486577,-0.24392931034658516,-0.27247982818115396,-0.042546716987440725
Skewness_5,0.5866083200396836,1.0,0.49960190896558465,0.3791470896592131,0.08280863428379366,-0.06216893560209102,-0.325069748999752,-0.03923646564374402
Skewness_10,0.159117535878041,0.49960190896558465,1.0,0.5897838434608776,0.16511130509666228,0.015569723063982287,-0.028915027596655502,0.16172337582243865
Skewness_20,0.049367630704964506,0.3791470896592131,0.5897838434608776,1.0,0.4632250763568464,0.10086602401926444,0.06390309852901126,0.08023341276133265
Skewness_50,-0.17894922636486577,0.08280863428379366,0.16511130509666228,0.4632250763568464,1.0,0.5869443113057996,0.37361934117933,0.25952439266984695
Skewness_100,-0.24392931034658516,-0.06216893560209102,0.015569723063982287,0.10086602401926444,0.5869443113057996,1.0,0.5203457268016738,0.3391202564203064
Skewness_200,-0.27247982818115396,-0.325069748999752,-0.028915027596655502,0.06390309852901126,0.37361934117933,0.5203457268016738,1.0,0.6402637585687538
Skewness_300,-0.042546716987440725,-0.03923646564374402,0.16172337582243865,0.08023341276133265,0.25952439266984695,0.3391202564203064,0.6402637585687538,1.0
