,Skewness_3,Skewness_5,Skewness_10,Skewness_20,Skewness_50,Skewness_100,Skewness_200,Skewness_300
Skewness_3,1.0,0.4639555048644721,0.24689260169152077,0.15336703482710615,0.09132387457654167,0.02883442909493372,0.007282888104873553,-0.03384054981689752
Skewness_5,0.4639555048644721,1.0,0.4655123206628263,0.3095115040637038,0.10303239284380232,0.0553198490438922,0.024063350491756258,-0.006705440541742579
Skewness_10,0.24689260169152077,0.4655123206628263,1.0,0.6433544380327891,0.34316021231022154,0.23938270881392282,0.14686155563955666,0.04788360853651375
Skewness_20,0.15336703482710615,0.3095115040637038,0.6433544380327891,1.0,0.4691498760489393,0.3202465176882362,0.19517268975199722,0.08723075432729092
Skewness_50,0.09132387457654167,0.10303239284380232,0.34316021231022154,0.4691498760489393,1.0,0.682673152355192,0.4771884783724332,0.2717660875684862
Skewness_100,0.02883442909493372,0.0553198490438922,0.23938270881392282,0.3202465176882362,0.682673152355192,1.0,0.7216202035783006,0.5357062380147408
Skewness_200,0.007282888104873553,0.024063350491756258,0.14686155563955666,0.19517268975199722,0.4771884783724332,0.7216202035783006,1.0,0.7891686320494262
Skewness_300,-0.03384054981689752,-0.006705440541742579,0.04788360853651375,0.08723075432729092,0.2717660875684862,0.5357062380147408,0.7891686320494262,1.0
