,correlation,correlation_stable,accuracy,mean,std,skewness,zero_percent
Skewness_3,-0.1038110358036015,-0.40000000000000013,0.5283018867924528,-0.05743144238408791,1.11254053394653,0.11628726347617496,0.0
Skewness_5,0.07697163477274874,0.5999999999999999,0.5283018867924528,0.06839922574739646,0.9509467619283419,-0.19596643858761204,0.0
Skewness_10,0.14164184629072768,-0.40000000000000013,0.6037735849056604,0.08916208431548779,1.003949100723456,-0.5922543982534146,0.0
Skewness_20,0.22478431871022408,-0.40000000000000013,0.6538461538461539,0.15003256904449536,0.8462666116067707,-0.1228950943836638,0.0
Skewness_50,0.19411638751553942,0.8,0.6470588235294118,0.15957490636683241,0.9587256138352936,0.18979592129284384,0.0
Skewness_100,-0.010478481250444193,-0.40000000000000013,0.5416666666666666,0.15799117150339637,0.7364624287001812,0.18197682278278232,0.0
Skewness_200,-0.07152848468855742,1.6,0.5952380952380952,0.17124312312945458,0.47608539826612,0.4059033330349434,0.0
Skewness_300,-0.011295230967485255,0.5999999999999999,0.5405405405405406,0.13048168111261813,0.43044982279402366,0.6460786788153082,0.0
