,correlation,correlation_stable,accuracy,mean,std,skewness,zero_percent
Skewness_3,-0.02668219353632894,-0.40000000000000013,0.5059952038369304,-0.026690262876742234,1.185865948385002,0.04786068691417591,0.0
Skewness_5,0.02049917000993283,0.3999999999999999,0.5011990407673861,-0.09574830552387616,1.0383195089522792,0.11079072939986595,0.0
Skewness_10,-0.014790820555265507,0.5999999999999999,0.5011990407673861,-0.053654897227930314,1.0385206223178578,-0.057360472527487015,0.0
Skewness_20,-0.01450232676339463,0.40000000000000013,0.5323741007194245,-0.02004202136943185,1.1484864856236308,-0.15816175637656524,0.0
Skewness_50,0.06792741461720188,-0.6000000000000001,0.5059952038369304,-0.012407837264356538,1.0736194761550983,-0.2382114128319881,0.0
Skewness_100,0.11257546776523236,1.8,0.5443645083932853,-0.036346743188866236,1.0196993238685295,-0.19368132347833678,0.0
Skewness_200,0.0838360936028558,1.8,0.5179856115107914,-0.07822402436861808,0.9365278119521633,0.3348051025318646,0.0
Skewness_300,0.0841945649107936,2.0,0.5419664268585132,-0.07574371195073958,0.8004938406696862,0.7215651082516975,0.0
