,VolumeAnomaly_5_zscore,VolumeAnomaly_10_zscore,VolumeAnomaly_20_zscore,VolumeAnomaly_30_zscore,VolumeAnomaly_50_zscore
VolumeAnomaly_5_zscore,1.0,0.8955822642466011,0.8228410555455009,0.8058326218108217,0.7519045377712883
VolumeAnomaly_10_zscore,0.8955822642466011,1.0,0.92799470047532,0.9004897587375886,0.8237024179026685
VolumeAnomaly_20_zscore,0.8228410555455009,0.92799470047532,1.0,0.9732150683207752,0.9175329031453222
VolumeAnomaly_30_zscore,0.8058326218108217,0.9004897587375886,0.9732150683207752,1.0,0.957853490179576
VolumeAnomaly_50_zscore,0.7519045377712883,0.8237024179026685,0.9175329031453222,0.957853490179576,1.0
