,VolumeAnomaly_5_zscore,VolumeAnomaly_10_zscore,VolumeAnomaly_20_zscore
VolumeAnomaly_5_zscore,1.0,0.8955822642466011,0.8228410555455009
VolumeAnomaly_10_zscore,0.8955822642466011,1.0,0.92799470047532
VolumeAnomaly_20_zscore,0.8228410555455009,0.92799470047532,1.0
