,VolumeAnomaly_5_zscore,VolumeAnomaly_10_zscore,VolumeAnomaly_20_zscore
VolumeAnomaly_5_zscore,1.0,0.8708749234634805,0.7183956983487546
VolumeAnomaly_10_zscore,0.8708749234634805,1.0,0.8632515189312989
VolumeAnomaly_20_zscore,0.7183956983487546,0.8632515189312989,1.0
