,VolumeAnomaly_5_zscore,VolumeAnomaly_10_zscore,VolumeAnomaly_20_zscore
VolumeAnomaly_5_zscore,1.0,0.8692695439415081,0.7155027750666544
VolumeAnomaly_10_zscore,0.8692695439415081,1.0,0.8687580731530312
VolumeAnomaly_20_zscore,0.7155027750666544,0.8687580731530312,1.0
