,correlation,correlation_stable,accuracy,mean,std,skew,zeros
VolumeAnomaly_5_zscore,0.008261229771783514,1.2000000000000002,0.5019064124783362,-0.04914271680876629,0.6451567791262667,0.3455702204626413,0.0008658008658008658
VolumeAnomaly_10_zscore,0.01458544492530168,1.4,0.5013009540329575,-0.06829513461435148,0.6296247267358753,0.45006504813488224,0.0017316017316017316
VolumeAnomaly_20_zscore,0.010787485201631608,0.3999999999999999,0.5063423110338836,-0.08733442999558605,0.6066503498739725,0.5140480174774286,0.003463203463203463
