,correlation,correlation_stable,accuracy,mean,std,skewness,zero_percent
VolumeAnomaly_5_zscore,0.04408044197872614,-0.6000000000000001,0.5660377358490566,-0.23453742327686125,0.5495085880248943,0.694751076829953,0.018518518518518517
VolumeAnomaly_10_zscore,0.04946438172477566,-0.40000000000000013,0.5849056603773585,-0.2643476092960049,0.5422771445748155,0.9978844873155832,0.018518518518518517
VolumeAnomaly_20_zscore,-0.01824758991160351,-0.40000000000000013,0.5576923076923077,-0.2416987704143425,0.5131421671383611,0.847261360325295,0.037037037037037035
