,correlation,correlation_stable,accuracy,mean,std,skewness,zero_percent
VolumeAnomaly_5_zscore,0.06976604695991089,0.3999999999999999,0.5155875299760192,-0.33788349925007655,0.5807092180890663,1.1114239767062235,0.0
VolumeAnomaly_10_zscore,0.09642085080969534,0.8,0.5347721822541966,-0.3193918726229209,0.5834536525208425,1.1039153931997268,0.0
VolumeAnomaly_20_zscore,0.10021891993510654,0.8,0.5275779376498801,-0.30494015552080134,0.5399780556516443,1.1111627480376145,0.0
VolumeAnomaly_30_zscore,0.09895660607877618,0.8,0.5179856115107914,-0.3072798803193029,0.5147966081042801,1.188119194317019,0.0
VolumeAnomaly_50_zscore,0.10501590248113762,0.8,0.5179856115107914,-0.3088585405111515,0.49915749311671453,1.3059373941428893,0.0
