,correlation,correlation_stable,accuracy,mean,std,skewness,zero_percent
VolumeAnomaly_5_zscore,0.04408044197872614,-0.6000000000000001,0.5660377358490566,-0.23453742327686125,0.5495085880248943,0.694751076829953,0.018518518518518517
VolumeAnomaly_10_zscore,0.04946438172477566,-0.40000000000000013,0.5849056603773585,-0.2643476092960049,0.5422771445748155,0.9978844873155832,0.018518518518518517
VolumeAnomaly_20_zscore,-0.01824758991160351,-0.40000000000000013,0.5576923076923077,-0.2416987704143425,0.5131421671383611,0.847261360325295,0.037037037037037035
VolumeAnomaly_30_zscore,-0.01714634756913592,-0.40000000000000013,0.5576923076923077,-0.260320668222652,0.49312011436382597,1.1022172540155022,0.037037037037037035
VolumeAnomaly_50_zscore,-0.04270324208031036,-0.40000000000000013,0.5098039215686274,-0.2601768706186227,0.4724308118768905,1.1085002865578417,0.05555555555555555
