,correlation,correlation_stable,accuracy,mean,std,skewness,zero_percent
VolumeAnomaly_5_zscore,0.02379382479015295,0.5999999999999999,0.5060532687651331,-0.3800834856407517,0.49044014807864456,1.3827973598287404,0.0024154589371980675
VolumeAnomaly_10_zscore,0.08040336112178698,-0.6000000000000001,0.5012106537530266,-0.3359991193511445,0.5108261860220658,1.1647057431365606,0.0024154589371980675
VolumeAnomaly_20_zscore,0.05577215025228107,-0.6000000000000001,0.5266990291262136,-0.3594902177058476,0.47825053599278994,1.2569075250405763,0.004830917874396135
