,correlation,correlation_stable,accuracy,mean,std,skewness,zero_percent
VolatilityCrossMarket_5_parkinson,0.01203355223867208,-0.40000000000000013,0.5094339622641509,3.724357226215007e-05,4.701834399645163e-05,1.9302810427169208,0.018518518518518517
VolatilityCrossMarket_10_yang_zhang,0.010349466514678374,-0.6000000000000001,0.5094339622641509,0.0006287203768182433,0.000667632572402704,1.7106797419741098,0.018518518518518517
VolatilityCrossMarket_20_parkinson,0.12207947042582853,-0.40000000000000013,0.5,0.0005801073459316885,0.003260939157978402,7.32991573715419,0.037037037037037035
