,correlation,correlation_stable,accuracy,mean,std,skewness,zero_percent
VolatilityCrossMarket_5_parkinson,-0.0030197239132564646,0.40000000000000013,0.5299760191846523,5.6735016604966715e-05,0.00023663943446812204,12.087425070809012,0.0
VolatilityCrossMarket_10_yang_zhang,0.07846974043040457,-0.40000000000000013,0.5299760191846523,0.0015781749737212975,0.007966881049478083,17.06069648401604,0.0
VolatilityCrossMarket_20_parkinson,0.08227439798049042,0.5999999999999999,0.5299760191846523,0.0003118293491768272,0.0021170262961092146,16.46054292959334,0.0
