,correlation,correlation_stable,accuracy,mean,std,skew,zeros
VolatilityCrossMarket_5_parkinson,0.010614958486730308,0.19999999999999996,0.5,9.771283376182781e-05,0.0010766087575264864,27.746691371241972,0.0012121212121212121
VolatilityCrossMarket_10_yang_zhang,0.016400261192968883,-0.6000000000000001,0.5004336513443192,0.0015612444603630394,0.007433992263981106,19.17534959281409,0.0017316017316017316
VolatilityCrossMarket_20_parkinson,0.026592997104385077,0.5999999999999999,0.5013032145960035,0.0003572708183107573,0.0023316406161996805,13.676231029046713,0.003463203463203463
