,correlation,correlation_stable,accuracy,mean,std,skewness,zero_percent
VolatilityCrossMarket_5_parkinson,0.005860715732502317,0.19999999999999996,0.5230024213075061,5.515661059357213e-05,0.00018586666054489032,7.95544805192659,0.0024154589371980675
VolatilityCrossMarket_10_yang_zhang,0.014620748177661852,0.19999999999999996,0.5230024213075061,0.0014034539932379045,0.007470433666446868,18.19962345771412,0.0024154589371980675
VolatilityCrossMarket_20_parkinson,0.004044477111104774,1.6,0.5242718446601942,0.0002757681174610839,0.0018795354215479035,16.08981078992518,0.004830917874396135
