,MarketParticipation_5,MarketParticipation_10,MarketParticipation_20
MarketParticipation_5,1.0,0.9959282523921837,0.9046521184060061
MarketParticipation_10,0.9959282523921837,1.0,0.9091547846972575
MarketParticipation_20,0.9046521184060061,0.9091547846972575,1.0
