,MarketParticipation_5,MarketParticipation_10,MarketParticipation_20,MarketParticipation_30,MarketParticipation_50,MarketParticipation_100,MarketParticipation_200
MarketParticipation_5,1.0,0.9959282523921837,0.9046521184060061,0.8884806228917703,0.7908688402634572,0.6100000233695242,-0.04642789112489212
MarketParticipation_10,0.9959282523921837,1.0,0.9091547846972575,0.8963387006077733,0.808524129802382,0.6224410675404347,-0.03271217069408887
MarketParticipation_20,0.9046521184060061,0.9091547846972575,1.0,0.9954074614741585,0.906748454840575,0.707354556414077,0.05543999734671103
MarketParticipation_30,0.8884806228917703,0.8963387006077733,0.9954074614741585,1.0,0.9128189359750212,0.7197922535431436,0.08880388504607398
MarketParticipation_50,0.7908688402634572,0.808524129802382,0.906748454840575,0.9128189359750212,1.0,0.8047364166589195,0.22576772796515543
MarketParticipation_100,0.6100000233695242,0.6224410675404347,0.707354556414077,0.7197922535431436,0.8047364166589195,1.0,0.531501453775695
MarketParticipation_200,-0.04642789112489212,-0.03271217069408887,0.05543999734671103,0.08880388504607398,0.22576772796515543,0.531501453775695,1.0
