,MarketParticipation_5,MarketParticipation_10,MarketParticipation_20
MarketParticipation_5,1.0,0.9883152151279112,0.9665358000917652
MarketParticipation_10,0.9883152151279112,1.0,0.9790887350931045
MarketParticipation_20,0.9665358000917652,0.9790887350931045,1.0
