,MarketParticipation_5,MarketParticipation_10,MarketParticipation_20
MarketParticipation_5,1.0,0.9977177542835146,0.9678411916699955
MarketParticipation_10,0.9977177542835146,1.0,0.9674080928384723
MarketParticipation_20,0.9678411916699955,0.9674080928384723,1.0
