,MarketParticipation_5,MarketParticipation_10,MarketParticipation_20,MarketParticipation_30,MarketParticipation_50,MarketParticipation_100,MarketParticipation_200
MarketParticipation_5,1.0,0.9978014283626816,0.9958815371370308,0.9940075893587021,0.9902618735243851,0.9828390970304952,0.9661192220649294
MarketParticipation_10,0.9978014283626816,1.0,0.9982064067561156,0.9961220113459486,0.9925150729348261,0.984646831063483,0.9672215908932105
MarketParticipation_20,0.9958815371370308,0.9982064067561156,1.0,0.9988141542057757,0.9959522072152208,0.9881914448751113,0.9709869426186171
MarketParticipation_30,0.9940075893587021,0.9961220113459486,0.9988141542057757,1.0,0.9979479810769606,0.9906389824789422,0.9735894073419317
MarketParticipation_50,0.9902618735243851,0.9925150729348261,0.9959522072152208,0.9979479810769606,1.0,0.9950712606620354,0.9792339386553279
MarketParticipation_100,0.9828390970304952,0.984646831063483,0.9881914448751113,0.9906389824789422,0.9950712606620354,1.0,0.9906061471669104
MarketParticipation_200,0.9661192220649294,0.9672215908932105,0.9709869426186171,0.9735894073419317,0.9792339386553279,0.9906061471669104,1.0
