,correlation,correlation_stable,accuracy,mean,std,skewness,zero_percent
MarketParticipation_5,0.041840174626501525,-0.40000000000000013,0.5094339622641509,7913.990215210958,3000.027819781392,0.4346337639505388,0.018518518518518517
MarketParticipation_10,0.0531838753983911,-0.40000000000000013,0.5094339622641509,7864.041113475717,2937.3480574766695,0.34223697809269543,0.018518518518518517
MarketParticipation_20,0.041825654750487454,-0.40000000000000013,0.5,7703.6713286773165,3133.8263469929766,0.2270146749994709,0.037037037037037035
MarketParticipation_30,0.03100031879998736,-0.40000000000000013,0.5,7687.501473250437,3095.1250375526047,0.16953826895791188,0.037037037037037035
MarketParticipation_50,0.099765251563194,-0.40000000000000013,0.5098039215686274,7492.5779267534745,3214.3774529096067,0.021274978050287083,0.05555555555555555
MarketParticipation_100,-0.023579169325025975,-0.40000000000000013,0.5,6965.593594645111,3543.9638480282883,-0.16302777395008042,0.1111111111111111
MarketParticipation_200,-0.07884130073231772,-0.6000000000000001,0.5238095238095238,5783.193427010228,3813.295639877324,-0.08513754231875184,0.2222222222222222
