,correlation,correlation_stable,accuracy,mean,std,skewness,zero_percent
MarketParticipation_5,-0.03636804981466526,1.8,0.5230024213075061,9570.130810090579,3970.641621515419,0.4733982961998875,0.0024154589371980675
MarketParticipation_10,-0.03473502818007477,1.8,0.5230024213075061,9565.131025719485,3949.8947499740175,0.4653484804690873,0.0024154589371980675
MarketParticipation_20,-0.032866270506418785,1.8,0.5242718446601942,9530.165979301426,3948.493099072417,0.43264389189208663,0.004830917874396135
