,correlation,correlation_stable,accuracy,mean,std,skewness,zero_percent
MarketParticipation_5,-0.058364232887373246,0.5999999999999999,0.5125,8062.029471659386,2943.7451875525962,0.7087968222086508,0.003115264797507788
MarketParticipation_10,-0.05774791861785094,-0.40000000000000013,0.5125,8048.404711220845,2910.1362856105297,0.7006817069088163,0.003115264797507788
MarketParticipation_20,-0.05217640309786174,0.5999999999999999,0.5141065830721003,8014.336174652827,2918.0627226059974,0.6254357263867681,0.006230529595015576
