,correlation,correlation_stable,accuracy,mean,std,skewness,zero_percent
MarketParticipation_5,0.041840174626501525,-0.40000000000000013,0.5094339622641509,7913.990215210958,3000.027819781392,0.4346337639505388,0.018518518518518517
MarketParticipation_10,0.0531838753983911,-0.40000000000000013,0.5094339622641509,7864.041113475717,2937.3480574766695,0.34223697809269543,0.018518518518518517
MarketParticipation_20,0.041825654750487454,-0.40000000000000013,0.5,7703.6713286773165,3133.8263469929766,0.2270146749994709,0.037037037037037035
