,correlation,correlation_stable,accuracy,mean,std,skew,zeros
MarketParticipation_5,-0.08293964683454495,1.8,0.5,8078.374395029465,2891.3308054089493,0.7330589686754282,0.0008658008658008658
MarketParticipation_10,-0.07532337542141315,1.8,0.5004336513443192,8066.781968171449,2886.5801785996327,0.7090290228250632,0.0017316017316017316
MarketParticipation_20,-0.06520247118585128,1.6,0.5013032145960035,8046.343792362977,2888.504720039391,0.6670467585634039,0.003463203463203463
