,Slope_3,Slope_5,Slope_10,Slope_20,Slope_50,Slope_100,Slope_200,Slope_300
Slope_3,1.0,0.48216022412187165,0.1896925353814231,-0.060751908069095126,-0.16974796044358537,0.02126463490100155,-0.05624851765750898,-0.2744866575616614
Slope_5,0.48216022412187165,1.0,0.6290563447168022,0.3361868113555512,0.07911154354112694,0.1514350786092582,0.06616869207890819,0.08649497889473355
Slope_10,0.1896925353814231,0.6290563447168022,1.0,0.6459584531628823,0.27620694743190527,0.09907645213199845,0.12862977278119234,0.27987296554191254
Slope_20,-0.060751908069095126,0.3361868113555512,0.6459584531628823,1.0,0.4942473074881118,0.16676992847984662,0.04300135929944531,0.2418084644536691
Slope_50,-0.16974796044358537,0.07911154354112694,0.27620694743190527,0.4942473074881118,1.0,0.6258315464502986,0.07701262868077549,0.3970019439287433
Slope_100,0.02126463490100155,0.1514350786092582,0.09907645213199845,0.16676992847984662,0.6258315464502986,1.0,0.46850394540578777,0.5822786093063097
Slope_200,-0.05624851765750898,0.06616869207890819,0.12862977278119234,0.04300135929944531,0.07701262868077549,0.46850394540578777,1.0,0.7723640404935787
Slope_300,-0.2744866575616614,0.08649497889473355,0.27987296554191254,0.2418084644536691,0.3970019439287433,0.5822786093063097,0.7723640404935787,1.0
