,Slope_3,Slope_5,Slope_10,Slope_20,Slope_50,Slope_100,Slope_200,Slope_300
Slope_3,1.0,0.658486249565322,0.27238689960359647,0.1358782869192223,0.028087097899316307,0.09288136802592144,0.13771277107169874,0.10912731254318925
Slope_5,0.658486249565322,1.0,0.6403729538292423,0.26773466443479144,0.0966048576680513,0.09473869366291497,0.06800155039472724,0.03352537293580494
Slope_10,0.27238689960359647,0.6403729538292423,1.0,0.5444657967830949,0.23365389935080433,0.05557489936779469,0.02347972490773343,0.020371738181928098
Slope_20,0.1358782869192223,0.26773466443479144,0.5444657967830949,1.0,0.5167851245060314,0.214131550173535,0.11110941674770382,0.0822367587882283
Slope_50,0.028087097899316307,0.0966048576680513,0.23365389935080433,0.5167851245060314,1.0,0.6092703394414788,0.27965033799150846,0.1946860411983568
Slope_100,0.09288136802592144,0.09473869366291497,0.05557489936779469,0.214131550173535,0.6092703394414788,1.0,0.624066474610569,0.42924639737508125
Slope_200,0.13771277107169874,0.06800155039472724,0.02347972490773343,0.11110941674770382,0.27965033799150846,0.624066474610569,1.0,0.8346932268931347
Slope_300,0.10912731254318925,0.03352537293580494,0.020371738181928098,0.0822367587882283,0.1946860411983568,0.42924639737508125,0.8346932268931347,1.0
