,Slope_3,Slope_5,Slope_10,Slope_20,Slope_50,Slope_100,Slope_200,Slope_300
Slope_3,1.0,0.6792069241441548,0.2280182139833745,0.07467333589959813,0.037645795588486915,-0.057315441778088796,-0.09153018324547343,-0.117130733737866
Slope_5,0.6792069241441548,1.0,0.5427959428468933,0.210631339950673,0.090303320118647,0.03298380184079473,0.0240268932858578,0.0005143091960851536
Slope_10,0.2280182139833745,0.5427959428468933,1.0,0.5245557874525568,0.22256599288408227,0.1019871753489734,0.028186887571101913,-0.0009094154834710349
Slope_20,0.07467333589959813,0.210631339950673,0.5245557874525568,1.0,0.5200047061326992,0.20114560670860426,0.09860959643846272,0.07774429908691917
Slope_50,0.037645795588486915,0.090303320118647,0.22256599288408227,0.5200047061326992,1.0,0.5946504088776807,0.2702563521394456,0.16495254286037106
Slope_100,-0.057315441778088796,0.03298380184079473,0.1019871753489734,0.20114560670860426,0.5946504088776807,1.0,0.6263832992173506,0.411130487089979
Slope_200,-0.09153018324547343,0.0240268932858578,0.028186887571101913,0.09860959643846272,0.2702563521394456,0.6263832992173506,1.0,0.8288599343173182
Slope_300,-0.117130733737866,0.0005143091960851536,-0.0009094154834710349,0.07774429908691917,0.16495254286037106,0.411130487089979,0.8288599343173182,1.0
