,correlation,correlation_stable,accuracy,mean,std,skewness,zero_percent
Slope_3,0,0.5999999999999999,0.5205811138014528,-0.5145520581074752,311.1152294056672,0.11393443327008784,0.0
Slope_5,0,1.6,0.5012106537530266,3.1809394673147766,234.9164576787521,-0.6444483868488903,0.0
Slope_10,0,1.4,0.5108958837772397,7.055256438478492,169.5168187339823,-0.35520696282064657,0.0
Slope_20,0,0.5999999999999999,0.5169902912621359,3.0358273049126248,120.51328903976858,-0.18559205500719209,0.0
Slope_50,0,0.19999999999999996,0.5036496350364964,2.0895773001172673,80.19944312132527,-0.19470886320364297,0.0
Slope_100,0,1.6,0.5147058823529411,2.7574639312456335,55.08003206045815,0.33106128148758796,0.0
Slope_200,0,1.6,0.5223880597014925,2.9926915693601974,38.620943046454514,0.6194910932480333,0.0
Slope_300,0,0.5999999999999999,0.5012594458438288,3.075172179948575,32.23508751694726,0.6037300327164822,0.0
