,correlation,correlation_stable,accuracy,mean,std,skewness,zero_percent
Slope_3,-0.03289160937209311,0.8,0.5083932853717026,10.253141486814613,353.22358313427713,-0.6578711798748501,0.0
Slope_5,-0.013539323108505617,-0.6000000000000001,0.5203836930455635,11.928520383695641,276.03740474798,-0.31585212187928935,0.0
Slope_10,-0.001285250096045256,-0.6000000000000001,0.5035971223021583,7.186736138363821,172.87564569431697,0.11359028988397125,0.0
Slope_20,0.025114135281319117,0.5999999999999999,0.5035971223021583,1.012816195164111,126.18099455512775,-0.25540177868651387,0.0
Slope_50,0.029532332618990735,0.5999999999999999,0.5179856115107914,2.0159113199237835,80.79020435144427,-0.22467082154690887,0.0
Slope_100,0.03233688719412194,-0.40000000000000013,0.5011990407673861,1.084805582572207,58.215392941232395,-0.09969482889626743,0.0
Slope_200,0.027859288866417614,-0.40000000000000013,0.5059952038369304,0.21825401739365904,41.41723659234647,0.19933791434395018,0.0
Slope_300,0.021510680793309415,-0.40000000000000013,0.513189448441247,0.2743211803927475,34.60963199370468,0.27308449244155897,0.0
