,Slope_3,Slope_5,Slope_10,Slope_20,Slope_50,Slope_100,Slope_200,Slope_300
Slope_3,1.0,0.623383679917646,0.164582716895919,0.07754706871116734,0.03977324142966809,0.05694516840711007,0.03540768139863187,-0.011703716716359822
Slope_5,0.623383679917646,1.0,0.5796145562206235,0.25900385744138493,0.07412171251953187,-0.0005283686193682925,-0.052668869948479816,-0.07606575756366277
Slope_10,0.164582716895919,0.5796145562206235,1.0,0.5663905975205814,0.2096187207226673,0.03777249734682401,0.04731533208406335,0.05563619375487318
Slope_20,0.07754706871116734,0.25900385744138493,0.5663905975205814,1.0,0.5241559391035256,0.22848925690928512,0.12578013405602054,0.09497091600713169
Slope_50,0.03977324142966809,0.07412171251953187,0.2096187207226673,0.5241559391035256,1.0,0.6173398890395164,0.2390760616326608,0.1659777091985812
Slope_100,0.05694516840711007,-0.0005283686193682925,0.03777249734682401,0.22848925690928512,0.6173398890395164,1.0,0.5789250904288407,0.39400096694124237
Slope_200,0.03540768139863187,-0.052668869948479816,0.04731533208406335,0.12578013405602054,0.2390760616326608,0.5789250904288407,1.0,0.8193773964086032
Slope_300,-0.011703716716359822,-0.07606575756366277,0.05563619375487318,0.09497091600713169,0.1659777091985812,0.39400096694124237,0.8193773964086032,1.0
