,Slope_3,Slope_5,Slope_10,Slope_20,Slope_50,Slope_100,Slope_200,Slope_300
Slope_3,1.0,0.49470835485526504,0.08796698210252954,0.04487680382836834,0.06554057596609243,-0.03865964061970541,-0.071519496598497,-0.11862547143832068
Slope_5,0.49470835485526504,1.0,0.2873830427956923,0.0811942324913536,0.01569835550448155,0.019601182935666882,0.0059434477083065256,0.006996115180459926
Slope_10,0.08796698210252954,0.2873830427956923,1.0,0.4826494671451361,0.13613187445337277,0.03272535024819412,-0.007774911066605814,-0.0012057153850112046
Slope_20,0.04487680382836834,0.0811942324913536,0.4826494671451361,1.0,0.3668398580840472,0.14859801907485393,0.09100405274138884,0.06383093325598631
Slope_50,0.06554057596609243,0.01569835550448155,0.13613187445337277,0.3668398580840472,1.0,0.49544296184765285,0.24171330038581593,0.13273871180850821
Slope_100,-0.03865964061970541,0.019601182935666882,0.03272535024819412,0.14859801907485393,0.49544296184765285,1.0,0.5657160200867595,0.3619680957443532
Slope_200,-0.071519496598497,0.0059434477083065256,-0.007774911066605814,0.09100405274138884,0.24171330038581593,0.5657160200867595,1.0,0.7614873205139718
Slope_300,-0.11862547143832068,0.006996115180459926,-0.0012057153850112046,0.06383093325598631,0.13273871180850821,0.3619680957443532,0.7614873205139718,1.0
