,correlation,correlation_stable,accuracy,mean,std,skewness,zero_percent
Slope_3,0.004064360074383594,-0.40000000000000013,0.5107913669064749,0.820023980815602,25.385415675466337,-0.5111670716245349,0.0
Slope_5,0.03858442802951159,0.5999999999999999,0.5227817745803357,1.4794460431656298,21.354681778892985,0.7607866053475393,0.0
Slope_10,0.03555062461826722,-0.40000000000000013,0.5251798561151079,0.9727634619578158,13.879856838495998,0.37084266818637757,0.0
Slope_20,0.05433246066549434,0.5999999999999999,0.5275779376498801,-0.0963694668325496,9.809976237566026,-0.5978183352869265,0.0
Slope_50,0.026951568296224287,0.3999999999999999,0.5203836930455635,0.0677439965914498,6.522624471539838,-0.624017021146284,0.0
Slope_100,-0.02047059716137382,1.6,0.5059952038369304,0.032246048058016924,4.70731316490776,-0.09477437934547661,0.0
Slope_200,-0.003456589950727439,0.5999999999999999,0.5179856115107914,0.031100899860630263,3.185686363255007,0.3690592036924027,0.0
Slope_300,-0.015524803268585725,0.5999999999999999,0.5035971223021583,0.06339113018123498,2.6275383273238964,0.20979966890116916,0.0
